nombre_usuario,fecha_compra,titulo_videojuego
Tana Russell,2022-10-12,Neque Nullam Corporation
Gage Walls,2022-9-3,Dictum Mi Inc.
Nevada Blankenship,2023-2-1,Nunc Sed Orci Corporation
Victor Patton,2022-5-18,Id Incorporated
Vivian Atkins,2022-3-18,Semper Corp.
Honorato Delacruz,2023-2-27,Eget Nisi Dictum Associates
Mufutau Campbell,2022-5-6,Adipiscing Ligula Inc.
Patience O'brien,2023-8-19,Nec Cursus A PC
Hayfa Washington,2022-11-20,Iaculis Corp.
Warren Atkins,2023-7-30,Sollicitudin Ltd
Robin Gardner,2022-7-11,Quis Foundation
Yardley Chase,2023-2-9,Duis Risus Odio Limited
Garth Booker,2022-1-30,Integer Aliquam Adipiscing Company
Wallace Howe,2023-2-2,Augue Sed Molestie LLC
Lana Griffin,2023-12-9,Posuere At Velit Limited
Clementine Clay,2022-5-6,Aliquam Ultrices Incorporated
Brittany Rasmussen,2023-8-21,Volutpat Foundation
Virginia Barnes,2022-5-26,Ipsum Cursus Institute
Anastasia Hansen,2023-5-17,Duis Corporation
Vivien Atkinson,2022-3-22,Dui Lectus Associates
Dora Lane,2022-11-20,At Industries
Laith Ruiz,2022-3-4,Montes Nascetur Corporation
Hedley Pratt,2022-6-25,Massa Lobortis Associates
Savannah Rollins,2023-5-7,Malesuada Institute
Cain Cervantes,2023-3-13,Dictum Company
Ezekiel Carroll,2022-4-11,Ipsum Cursus Incorporated
Yoshi Rodriguez,2023-2-4,Vehicula Et Rutrum Associates
Claudia Quinn,2022-10-2,Dictum Institute
Lucy Patel,2022-10-11,Suspendisse Ac Limited
Abdul Dickerson,2022-1-7,Et Nunc Company
Gray Gamble,2022-1-8,Tincidunt Pede Ac Ltd
Warren Battle,2022-9-23,Nulla At Ltd
Drake Vance,2022-8-22,Orci Industries
Grant Wong,2023-9-16,Eget Ltd
Erasmus Keith,2023-4-23,Torquent Per Conubia Corp.
Ginger Dunn,2023-2-24,Fringilla Purus Limited
Hannah Cooley,2023-9-23,Duis Corp.
Lucius Moore,2022-4-24,Mauris Industries
Len Dennis,2023-7-3,Nonummy Fusce Institute
Rebecca Ellison,2022-12-8,Sed Malesuada Incorporated
Mechelle Mcdonald,2023-11-2,Euismod Mauris Eu Consulting
Nigel Higgins,2022-3-30,Vel Mauris Integer LLP
Brooke Acosta,2023-10-30,Turpis Egestas Corp.
Rose Watson,2023-10-17,Mollis Non PC
Devin Chang,2023-8-16,Eu Enim Etiam Corporation
Gisela Sargent,2022-2-25,Semper Foundation
Kirk Arnold,2022-4-11,Nullam Vitae LLC
Florence Patton,2022-12-3,Convallis Ante Lectus Corp.
Skyler Daugherty,2023-11-7,Phasellus PC
Cheryl Riddle,2022-9-9,Tincidunt Incorporated
Chancellor Casey,2022-2-25,Fusce Mi LLP
Thane Sykes,2022-12-18,Nam Ligula Elit Corporation
Dylan Clay,2023-11-14,Egestas Corporation
Lenore Bowen,2022-9-11,Mauris Ipsum Foundation
Brianna Greene,2022-5-23,Ac Institute
Aileen Acevedo,2023-9-11,Rutrum Fusce Institute
Troy York,2022-5-7,Sit Company
Maxine Melendez,2023-6-10,Eget Magna Suspendisse Incorporated
Kitra Keller,2023-3-29,Lacus Quisque Purus PC
Beau Knight,2023-8-31,Lobortis Quam A Ltd
Jakeem Spears,2022-1-10,Mauris Vel Institute
Unity Mccormick,2023-11-13,Sed Corporation
Victor Byrd,2022-5-19,Mus PC
Connor Perkins,2022-1-6,Mattis Ornare Institute
Ryan Conley,2023-6-8,Lectus Justo Ltd
Flavia Marsh,2023-7-27,Dolor Sit Foundation
Maxwell Perez,2022-8-6,Luctus Ipsum Ltd
Portia Hart,2022-11-17,Tempus Non Incorporated
Hyatt Mcfadden,2023-8-10,Lorem Ut Aliquam Limited
Danielle Shaw,2022-10-10,Mauris Elit Corporation
Yen Tanner,2023-1-10,Vel Industries
Michael Duncan,2022-8-2,Fringilla Porttitor Institute
Daquan Marsh,2023-9-19,Libero Et Tristique Company
Amethyst Farrell,2022-6-13,At Velit Corporation
Ainsley Flores,2022-3-29,Ultrices A Inc.
Todd Spence,2023-11-16,At Velit PC
Vera Johnston,2023-4-13,Sed Industries
Quynn Schroeder,2023-1-11,Nascetur Incorporated
Timothy Shannon,2022-8-14,Vitae Diam Industries
Cecilia Reynolds,2022-11-25,Egestas Ligula Ltd
McKenzie Weiss,2023-4-6,Nunc Sit PC
Sierra Jefferson,2023-10-23,Ligula Aenean Company
Jordan Newman,2023-4-3,Lacinia Foundation
Jessica Russo,2022-10-26,Mattis Integer Limited
Kasimir Lamb,2023-1-5,Iaculis Enim Institute
Nadine Phelps,2022-8-30,Curabitur Foundation
Amanda Coleman,2023-9-24,Cursus Integer Foundation
Basia Mckay,2023-11-20,Ac Arcu Nunc Incorporated
Allegra Conway,2022-2-10,Donec Sollicitudin Adipiscing Institute
Alec Kinney,2022-3-24,Amet Incorporated
Valentine Haney,2022-9-8,Mollis Industries
Ferdinand Robbins,2023-6-18,Gravida Sagittis Associates
Belle Pate,2023-9-18,Dolor Fusce Incorporated
Shelley Miller,2023-1-12,Ut Nec Foundation
Jaime Schneider,2022-6-19,Lacus Cras LLP
Kimberley Melton,2022-1-22,Pede Praesent Eu LLP
Kiara Vinson,2022-3-20,Ut Institute
Lee Mccoy,2022-5-12,Scelerisque Neque Industries
Olivia Dixon,2022-11-24,Laoreet Lectus Industries
Urielle Mercer,2023-4-14,Neque Sed LLP
Yardley Chase,2022-8-1,Neque Nullam Corporation
Garth Booker,2021-8-10,Ut Nec Foundation
Wallace Howe,2021-8-1,Neque Sed LLP
Lana Griffin,2021-1-1,Dolor Fusce Incorporated
Clementine Clay,2021-8-1,Mollis Industries
Brittany Rasmussen,2021-8-11,Curabitur Foundation
Virginia Barnes,2021-2-16,Scelerisque Neque Industries
Anastasia Hansen,2021-2-17,Scelerisque Neque Industries
Vivien Atkinson,2022-2-12,Laoreet Lectus Industries
Dora Lane,2022-2-10,Neque Sed LLP
Laith Ruiz,2022-8-1,Duis Risus Odio Limited
Hedley Pratt,2022-8-15,Malesuada Institute
Savannah Rollins,2022-8-1,Dictum Company
Cain Cervantes,2022-8-13,Augue Sed Molestie LLC
Yardley Chase,2021-2-9,Posuere At Velit Limited
Yardley Chase,2023-3-9,Aliquam Ultrices Incorporated
Yardley Chase,2021-5-9,Ipsum Cursus Institute
Yardley Chase,2021-8-9,Dui Lectus Associates