name,facebook,nacionalidad,fecha_nacimiento,fecha_registro
Odysseus Russell,in.hendrerit@aol.org,Ukraine,2023-7-26,2023-2-10
Yoshio Kidd,erat.volutpat.nulla@hotmail.net,Poland,2022-4-26,2022-11-9
Anastasia Gilbert,parturient.montes.nascetur@hotmail.com,Pakistan,2022-7-7,2023-6-14
Mikayla Santos,hendrerit.consectetuer@aol.couk,India,2023-6-12,2023-12-10
Echo O'donnell,risus.donec@yahoo.couk,France,2023-3-9,2023-6-18
Harding Roth,fusce.mollis@aol.org,Colombia,2022-11-13,2022-5-19
Magee Mcintyre,eget.varius.ultrices@hotmail.com,South Africa,2023-10-11,2022-2-13
Raphael Huffman,magnis.dis@protonmail.edu,Italy,2023-4-14,2023-1-27
Wallace Bridges,sit@google.net,Germany,2023-2-25,2023-11-2
Drake Yates,enim@aol.net,India,2022-2-17,2022-10-17
Dora Perkins,ornare.lectus@google.couk,Costa Rica,2022-12-5,2022-4-30
Russell Wong,lorem.eget.mollis@outlook.com,Colombia,2023-12-3,2023-11-4
Leroy Sargent,sem@outlook.com,Singapore,2023-2-21,2022-4-10
Yuli Howe,duis@icloud.edu,Sweden,2022-5-7,2022-8-23
Nicole Wise,purus.accumsan.interdum@yahoo.ca,Australia,2022-6-27,2022-12-31
Lars Smith,congue.elit@protonmail.com,Vietnam,2022-5-9,2021-12-28
Lila Vance,vel.convallis@outlook.org,Turkey,2022-3-13,2023-10-24
Dawn Salas,pellentesque.habitant.morbi@icloud.ca,Norway,2023-5-4,2023-2-4
Abbot Cash,lobortis@aol.org,Vietnam,2023-9-5,2022-10-6
Colorado Walton,nulla@icloud.net,New Zealand,2022-10-19,2023-7-23
Alice Harper,vulputate@icloud.couk,Colombia,2022-2-20,2022-4-15
Bo Harmon,non@google.edu,United States,2023-4-24,2022-8-24
Tallulah Dillon,urna@outlook.net,India,2023-9-28,2022-12-4
Marvin Kane,nunc.id.enim@outlook.com,Australia,2023-4-29,2022-4-10
Caesar Bender,ac.turpis.egestas@yahoo.ca,Russian Federation,2022-3-11,2023-10-22
Deborah Huffman,purus.gravida@aol.edu,Ireland,2022-3-12,2023-7-21
Sonia Blake,vel.nisl.quisque@aol.org,Nigeria,2022-9-21,2022-6-7
Brendan Hendricks,id@yahoo.ca,Nigeria,2022-11-1,2023-11-24
Aileen Allison,dolor.donec@icloud.com,Canada,2023-1-24,2022-1-21
Jordan Sherman,velit.pellentesque@hotmail.couk,Pakistan,2022-7-11,2021-12-19
Brian Emerson,justo.sit@outlook.net,India,2022-7-8,2022-3-29
Cooper Talley,est.mauris@protonmail.ca,Philippines,2022-8-18,2023-10-12
Malik Gilbert,vulputate.posuere@yahoo.ca,Brazil,2022-10-7,2023-11-26
Simone Webb,nisi.nibh.lacinia@icloud.ca,South Korea,2023-2-12,2023-9-26
Luke Sharpe,cum.sociis@outlook.com,South Korea,2023-1-11,2022-7-16
Lawrence Pruitt,erat.in.consectetuer@icloud.couk,United Kingdom,2023-3-26,2021-12-20
Kenyon Green,mi.lacinia.mattis@hotmail.net,Spain,2023-6-10,2021-12-28
Daniel Stokes,aliquet.libero.integer@aol.edu,Russian Federation,2022-10-29,2022-6-1
Jamalia Pearson,ridiculus.mus.proin@google.com,Vietnam,2023-2-18,2022-6-22
Tanek Mccall,lacinia@hotmail.org,Turkey,2022-7-31,2022-2-26
Aline Beach,magna.suspendisse@protonmail.edu,United States,2022-8-28,2022-7-24
Jada Skinner,ultricies.sem@hotmail.com,Poland,2022-5-1,2022-4-15
Lacey Tyson,dapibus.ligula@yahoo.com,New Zealand,2022-11-26,2022-4-21
Ferdinand Pruitt,enim.gravida@aol.couk,Pakistan,2022-1-25,2023-8-5
Natalie Elliott,semper@icloud.edu,New Zealand,2022-9-22,2022-12-14
Simon Norman,imperdiet@google.couk,Australia,2023-11-7,2022-10-18
Astra Page,libero@outlook.edu,South Korea,2023-11-3,2022-6-2
Macy Bird,elit@google.edu,Norway,2022-12-12,2022-12-8
Adria Wagner,massa.suspendisse@icloud.net,United Kingdom,2023-12-6,2023-3-5
Blake Gross,commodo@hotmail.edu,Peru,2022-3-17,2022-11-4
Lois Todd,suspendisse.aliquet@outlook.couk,India,2023-4-25,2023-4-14
Brent Townsend,dui.fusce@protonmail.ca,Pakistan,2023-4-1,2023-9-17
Thor Humphrey,lorem.luctus@google.edu,Belgium,2022-10-23,2022-12-5
Beverly Garrison,molestie@aol.edu,Peru,2023-1-29,2023-11-18
Magee Christian,phasellus.nulla@yahoo.ca,Russian Federation,2023-2-28,2022-6-26
Kareem Holcomb,orci.quis.lectus@hotmail.couk,Ireland,2023-10-15,2022-3-12
Candace Griffith,aliquet@google.org,Turkey,2023-1-16,2022-8-28
Kiara Fischer,arcu@aol.edu,Indonesia,2022-3-1,2022-6-5
Ryder Bender,sed.facilisis@outlook.net,Ukraine,2022-7-27,2022-10-4
Yolanda Stafford,tincidunt@icloud.couk,Indonesia,2022-4-10,2022-2-16
Ronan Andrews,placerat@protonmail.couk,Sweden,2022-12-14,2022-1-19
Hilda Blankenship,viverra@protonmail.ca,Philippines,2022-1-3,2022-1-3
Beau Delacruz,tempor@aol.org,Philippines,2023-12-8,2023-2-9
Brittany Day,quisque.fringilla@outlook.ca,Ukraine,2022-9-28,2023-7-26
Martha Gibson,massa@yahoo.org,Australia,2023-9-2,2022-8-21
Nina Griffin,facilisis@hotmail.ca,Netherlands,2022-7-25,2023-3-28
Kenyon Henry,vehicula.et@google.com,Philippines,2022-7-27,2022-1-16
Craig Contreras,class@outlook.com,Pakistan,2022-6-1,2023-10-30
Graiden Patton,integer.in.magna@icloud.org,Norway,2023-7-12,2023-4-15
Nigel Holmes,conubia.nostra.per@yahoo.net,Spain,2022-11-5,2022-12-7
Murphy Hensley,fusce.diam@hotmail.edu,Spain,2023-4-23,2023-2-19
Dante Blackwell,purus@hotmail.edu,South Korea,2022-5-31,2022-10-25
Rhona Byers,odio.phasellus@aol.couk,Belgium,2023-11-6,2023-8-24
Alexa Stokes,eu@hotmail.couk,New Zealand,2021-12-23,2023-9-11
Baxter Browning,sit.amet@protonmail.net,Mexico,2023-1-27,2022-3-6
Quintessa Hyde,amet.consectetuer@google.com,Peru,2023-10-30,2022-8-27
Echo English,tristique.neque@outlook.ca,Netherlands,2023-12-10,2023-10-11
Hanae Blackburn,mus.donec.dignissim@yahoo.net,Costa Rica,2021-12-21,2023-5-16
Karyn Peters,ut.pellentesque@google.org,Russian Federation,2022-11-7,2022-2-26
Bo Burgess,ultricies@hotmail.com,Costa Rica,2022-1-28,2023-7-25
Perry Rosales,fames@outlook.edu,Germany,2023-1-1,2022-7-24
Ali Rutledge,pellentesque.habitant@yahoo.edu,Costa Rica,2023-11-8,2022-9-29
Talon Love,pharetra.quisque@yahoo.com,South Africa,2023-2-2,2023-9-8
Meghan Downs,vel.arcu@google.com,Spain,2022-2-2,2023-6-15
Clayton Carter,arcu.iaculis@google.edu,Australia,2022-9-14,2023-9-11
Troy Morgan,suscipit.est.ac@protonmail.net,Turkey,2023-10-17,2023-12-11
Kennan Charles,cubilia.curae@aol.ca,Mexico,2022-5-1,2022-6-29
Kaitlin Perez,ac.facilisis@yahoo.ca,Ireland,2023-12-9,2022-2-4
Alvin Glenn,tempor.diam@aol.com,Mexico,2022-1-25,2022-4-21
Keiko Oneil,donec.feugiat@outlook.org,Turkey,2022-8-25,2022-6-28
Zachary Bradford,eu.elit@icloud.com,Peru,2023-3-2,2022-9-19
Declan Washington,curabitur.dictum.phasellus@aol.couk,Italy,2023-10-28,2023-5-23
Katell Lamb,nec@yahoo.org,Philippines,2023-4-8,2023-2-16
Jasper Witt,sed@yahoo.couk,Norway,2023-10-13,2023-8-20
Keane Moreno,varius.nam@protonmail.edu,Canada,2022-3-15,2023-7-29
Ori Burris,fusce.fermentum@aol.edu,India,2023-7-12,2022-5-27
Kaitlin Kirkland,non.lorem@outlook.edu,United Kingdom,2023-12-10,2023-10-26
Brock Riddle,cursus.nunc@icloud.edu,Ireland,2023-1-24,2023-11-4
Imani Stevens,odio.a@protonmail.ca,Turkey,2022-5-29,2022-10-7
Brian Crane,ligula.nullam@outlook.ca,Belgium,2023-8-12,2023-8-22
